<?xml version="1.0" encoding="UTF-8"?>
<GenRun Id="impl_1" LaunchPart="xc7z010clg400-1" LaunchTime="1446610749">
  <File Type="RUN-CONSTRS" Name="$PDATADIR/runs/impl_1/constrs_in.xml"/>
  <File Type="OPT-DCP" Name="spiMemory_opt.dcp"/>
  <File Type="RUN-SRCS" Name="$PDATADIR/runs/impl_1/sources.xml"/>
  <File Type="RUN-STRAT" Name="$PDATADIR/runs/impl_1/impl_1.psg"/>
  <File Type="ROUTE-DCP" Name="spiMemory_routed.dcp"/>
  <File Type="PA-TCL" Name="spiMemory.tcl"/>
  <File Type="PWROPT-DCP" Name="spiMemory_pwropt.dcp"/>
  <File Type="OPT-DRC" Name="spiMemory_drc_opted.rpt"/>
  <File Type="PWROPT-DRC" Name="spiMemory_drc_pwropted.rpt"/>
  <File Type="OPT-HWDEF" Name="spiMemory.hwdef"/>
  <File Type="PLACE-DCP" Name="spiMemory_placed.dcp"/>
  <File Type="PLACE-IO" Name="spiMemory_io_placed.rpt"/>
  <File Type="PLACE-CLK" Name="spiMemory_clock_utilization_placed.rpt"/>
  <File Type="PLACE-UTIL" Name="spiMemory_utilization_placed.rpt"/>
  <File Type="PLACE-UTIL-PB" Name="spiMemory_utilization_placed.pb"/>
  <File Type="PLACE-CTRL" Name="spiMemory_control_sets_placed.rpt"/>
  <File Type="PLACE-SIMILARITY" Name="spiMemory_incremental_reuse_placed.rpt"/>
  <File Type="PLACE-PRE-SIMILARITY" Name="spiMemory_incremental_reuse_pre_placed.rpt"/>
  <File Type="POSTPLACE-PWROPT-DCP" Name="spiMemory_postplace_pwropt.dcp"/>
  <File Type="PHYSOPT-DCP" Name="spiMemory_physopt.dcp"/>
  <File Type="PHYSOPT-DRC" Name="spiMemory_drc_physopted.rpt"/>
  <File Type="RDI-RDI" Name="spiMemory.vdi"/>
  <File Type="ROUTE-DRC" Name="spiMemory_drc_routed.rpt"/>
  <File Type="ROUTE-DRC-PB" Name="spiMemory_drc_routed.pb"/>
  <File Type="ROUTE-PWR" Name="spiMemory_power_routed.rpt"/>
  <File Type="ROUTE-PWR-SUM" Name="spiMemory_power_summary_routed.pb"/>
  <File Type="ROUTE-STATUS" Name="spiMemory_route_status.rpt"/>
  <File Type="ROUTE-STATUS-PB" Name="spiMemory_route_status.pb"/>
  <File Type="ROUTE-TIMINGSUMMARY" Name="spiMemory_timing_summary_routed.rpt"/>
  <File Type="ROUTE-TIMING-PB" Name="spiMemory_timing_summary_routed.pb"/>
  <File Type="ROUTE-TIMING-RPX" Name="spiMemory_timing_summary_routed.rpx"/>
  <File Type="ROUTE-SIMILARITY" Name="spiMemory_incremental_reuse_routed.rpt"/>
  <File Type="ROUTE-CLK" Name="spiMemory_clock_utilization_routed.rpt"/>
  <File Type="POSTROUTE-PHYSOPT-DCP" Name="spiMemory_postroute_physopt.dcp"/>
  <File Type="POSTROUTE-PHYSOPT-TIMING" Name="spiMemory_timing_summary_postroute_physopted.rpt"/>
  <File Type="POSTROUTE-PHYSOPT-TIMING-PB" Name="spiMemory_timing_summary_postroute_physopted.pb"/>
  <File Type="POSTROUTE-PHYSOPT-TIMING-RPX" Name="spiMemory_timing_summary_postroute_physopted.rpx"/>
  <File Type="BG-BIT" Name="spiMemory.bit"/>
  <File Type="BG-BIN" Name="spiMemory.bin"/>
  <File Type="BITSTR-MSK" Name="spiMemory.msk"/>
  <File Type="BITSTR-RBT" Name="spiMemory.rbt"/>
  <File Type="BITSTR-NKY" Name="spiMemory.nky"/>
  <File Type="BITSTR-BMM" Name="spiMemory_bd.bmm"/>
  <File Type="BITSTR-MMI" Name="spiMemory.mmi"/>
  <File Type="BITSTR-SYSDEF" Name="spiMemory.sysdef"/>
  <File Type="BG-BGN" Name="spiMemory.bgn"/>
  <File Type="BG-DRC" Name="spiMemory.drc"/>
  <File Type="WBT-USG" Name="usage_statistics_webtalk.html"/>
  <FileSet Name="sources" Type="DesignSrcs" RelSrcDir="$PSRCDIR/sources_1">
    <Filter Type="Srcs"/>
    <File Path="$PSRCDIR/sources_1/imports/SPI/StateMachine.v">
      <FileInfo>
        <Attr Name="ImportPath" Val="$PPRDIR/../mp2_fpga_wrapper/mp2_fpga_wrapper/spi_fpga/spi_fpga.srcs/sources_1/ipshared/xilinx.com/mp2_v1_0/55566b6d/sources_1/imports/SPI/StateMachine.v"/>
        <Attr Name="ImportTime" Val="1446239736"/>
        <Attr Name="UsedIn" Val="synthesis"/>
        <Attr Name="UsedIn" Val="implementation"/>
        <Attr Name="UsedIn" Val="simulation"/>
      </FileInfo>
    </File>
    <File Path="$PSRCDIR/sources_1/imports/SPI/shiftregister.v">
      <FileInfo>
        <Attr Name="ImportPath" Val="$PPRDIR/../mp2_fpga_wrapper/mp2_fpga_wrapper/spi_fpga/spi_fpga.srcs/sources_1/ipshared/xilinx.com/mp2_v1_0/55566b6d/sources_1/imports/SPI/shiftregister.v"/>
        <Attr Name="ImportTime" Val="1446239736"/>
        <Attr Name="UsedIn" Val="synthesis"/>
        <Attr Name="UsedIn" Val="implementation"/>
        <Attr Name="UsedIn" Val="simulation"/>
      </FileInfo>
    </File>
    <File Path="$PSRCDIR/sources_1/imports/SPI/inputconditioner.v">
      <FileInfo>
        <Attr Name="ImportPath" Val="$PPRDIR/../mp2_fpga_wrapper/mp2_fpga_wrapper/spi_fpga/spi_fpga.srcs/sources_1/ipshared/xilinx.com/mp2_v1_0/55566b6d/sources_1/imports/SPI/inputconditioner.v"/>
        <Attr Name="ImportTime" Val="1446239735"/>
        <Attr Name="UsedIn" Val="synthesis"/>
        <Attr Name="UsedIn" Val="implementation"/>
        <Attr Name="UsedIn" Val="simulation"/>
      </FileInfo>
    </File>
    <File Path="$PSRCDIR/sources_1/imports/SPI/dff.v">
      <FileInfo>
        <Attr Name="ImportPath" Val="$PPRDIR/../mp2_fpga_wrapper/mp2_fpga_wrapper/spi_fpga/spi_fpga.srcs/sources_1/ipshared/xilinx.com/mp2_v1_0/55566b6d/sources_1/imports/SPI/dff.v"/>
        <Attr Name="ImportTime" Val="1446239735"/>
        <Attr Name="UsedIn" Val="synthesis"/>
        <Attr Name="UsedIn" Val="implementation"/>
        <Attr Name="UsedIn" Val="simulation"/>
      </FileInfo>
    </File>
    <File Path="$PSRCDIR/sources_1/imports/SPI/DataMemory.v">
      <FileInfo>
        <Attr Name="ImportPath" Val="$PPRDIR/../mp2_fpga_wrapper/mp2_fpga_wrapper/spi_fpga/spi_fpga.srcs/sources_1/ipshared/xilinx.com/mp2_v1_0/55566b6d/sources_1/imports/SPI/DataMemory.v"/>
        <Attr Name="ImportTime" Val="1446239735"/>
        <Attr Name="UsedIn" Val="synthesis"/>
        <Attr Name="UsedIn" Val="implementation"/>
        <Attr Name="UsedIn" Val="simulation"/>
      </FileInfo>
    </File>
    <File Path="$PSRCDIR/sources_1/imports/SPI/buffer.v">
      <FileInfo>
        <Attr Name="ImportPath" Val="$PPRDIR/../mp2_fpga_wrapper/mp2_fpga_wrapper/spi_fpga/spi_fpga.srcs/sources_1/ipshared/xilinx.com/mp2_v1_0/55566b6d/sources_1/imports/SPI/buffer.v"/>
        <Attr Name="ImportTime" Val="1446239735"/>
        <Attr Name="UsedIn" Val="synthesis"/>
        <Attr Name="UsedIn" Val="implementation"/>
        <Attr Name="UsedIn" Val="simulation"/>
      </FileInfo>
    </File>
    <File Path="$PSRCDIR/sources_1/imports/SPI/addresslatch.v">
      <FileInfo>
        <Attr Name="ImportPath" Val="$PPRDIR/../mp2_fpga_wrapper/mp2_fpga_wrapper/spi_fpga/spi_fpga.srcs/sources_1/ipshared/xilinx.com/mp2_v1_0/55566b6d/sources_1/imports/SPI/addresslatch.v"/>
        <Attr Name="ImportTime" Val="1446239735"/>
        <Attr Name="UsedIn" Val="synthesis"/>
        <Attr Name="UsedIn" Val="implementation"/>
        <Attr Name="UsedIn" Val="simulation"/>
      </FileInfo>
    </File>
    <File Path="$PSRCDIR/sources_1/imports/SPI/spiMemory.v">
      <FileInfo>
        <Attr Name="ImportPath" Val="$PPRDIR/../mp2_fpga_wrapper/mp2_fpga_wrapper/spi_fpga/spi_fpga.srcs/sources_1/ipshared/xilinx.com/mp2_v1_0/55566b6d/sources_1/imports/SPI/spiMemory.v"/>
        <Attr Name="ImportTime" Val="1446239736"/>
        <Attr Name="UsedIn" Val="synthesis"/>
        <Attr Name="UsedIn" Val="implementation"/>
        <Attr Name="UsedIn" Val="simulation"/>
      </FileInfo>
    </File>
    <File Path="$PPRDIR/../mp2_fpga_wrapper/mp2_fpga_wrapper/spi_fpga/spi_fpga.srcs/sources_1/ipshared/xilinx.com/axi_lite_ipif_v3_0/876b8fe4/hdl/src/vhdl/ipif_pkg.vhd">
      <FileInfo>
        <Attr Name="AutoDisabled" Val="1"/>
        <Attr Name="UsedIn" Val="synthesis"/>
        <Attr Name="UsedIn" Val="simulation"/>
      </FileInfo>
    </File>
    <File Path="$PSRCDIR/sources_1/imports/spi_fpga/spi_fpga.srcs/sources_1/ipshared/xilinx.com/lib_pkg_v1_0/22b9c58c/hdl/src/vhdl/lib_pkg.vhd">
      <FileInfo>
        <Attr Name="AutoDisabled" Val="1"/>
        <Attr Name="ImportPath" Val="$PPRDIR/../mp2_fpga_wrapper/mp2_fpga_wrapper/spi_fpga/spi_fpga.srcs/sources_1/ipshared/xilinx.com/lib_pkg_v1_0/22b9c58c/hdl/src/vhdl/lib_pkg.vhd"/>
        <Attr Name="ImportTime" Val="1446239735"/>
        <Attr Name="UsedIn" Val="synthesis"/>
        <Attr Name="UsedIn" Val="simulation"/>
      </FileInfo>
    </File>
    <File Path="$PSRCDIR/sources_1/imports/spi_fpga/spi_fpga.srcs/sources_1/ipshared/xilinx.com/generic_baseblocks_v2_1/da89d453/hdl/verilog/generic_baseblocks_v2_1_mux.v">
      <FileInfo>
        <Attr Name="AutoDisabled" Val="1"/>
        <Attr Name="ImportPath" Val="$PPRDIR/../mp2_fpga_wrapper/mp2_fpga_wrapper/spi_fpga/spi_fpga.srcs/sources_1/ipshared/xilinx.com/generic_baseblocks_v2_1/da89d453/hdl/verilog/generic_baseblocks_v2_1_mux.v"/>
        <Attr Name="ImportTime" Val="1446239734"/>
        <Attr Name="UsedIn" Val="synthesis"/>
        <Attr Name="UsedIn" Val="implementation"/>
        <Attr Name="UsedIn" Val="simulation"/>
      </FileInfo>
    </File>
    <File Path="$PPRDIR/../mp2_fpga_wrapper/mp2_fpga_wrapper/spi_fpga/spi_fpga.srcs/sources_1/ipshared/xilinx.com/axi_quad_spi_v3_2/00b802bf/hdl/src/vhdl/comp_defs.vhd">
      <FileInfo>
        <Attr Name="AutoDisabled" Val="1"/>
        <Attr Name="UsedIn" Val="synthesis"/>
        <Attr Name="UsedIn" Val="simulation"/>
      </FileInfo>
    </File>
    <File Path="$PPRDIR/component.xml">
      <FileInfo SFType="IPXACT"/>
    </File>
    <Config>
      <Option Name="DesignMode" Val="RTL"/>
      <Option Name="TopModule" Val="spiMemory"/>
      <Option Name="TopAutoSet" Val="TRUE"/>
    </Config>
  </FileSet>
  <FileSet Name="constrs_in" Type="Constrs" RelSrcDir="$PSRCDIR/constrs_1">
    <Filter Type="Constrs"/>
    <Config>
      <Option Name="ConstrsType" Val="XDC"/>
    </Config>
  </FileSet>
  <Strategy Version="1" Minor="2">
    <StratHandle Name="Vivado Implementation Defaults" Flow="Vivado Implementation 2015"/>
    <Step Id="init_design"/>
    <Step Id="opt_design"/>
    <Step Id="power_opt_design"/>
    <Step Id="place_design"/>
    <Step Id="post_place_power_opt_design"/>
    <Step Id="phys_opt_design"/>
    <Step Id="route_design"/>
    <Step Id="post_route_phys_opt_design"/>
    <Step Id="write_bitstream"/>
  </Strategy>
</GenRun>
