<?xml version="1.0" encoding="UTF-8"?>
<GenRun Id="synth_1" LaunchPart="xc7z010clg400-1" LaunchTime="1446610698">
  <File Type="RUN-CONSTRS" Name="$PDATADIR/runs/synth_1/constrs_in.xml"/>
  <File Type="RDS-DCP" Name="spiMemory.dcp"/>
  <File Type="RUN-SRCS" Name="$PDATADIR/runs/synth_1/sources.xml"/>
  <File Type="RDS-UTIL-PB" Name="spiMemory_utilization_synth.pb"/>
  <File Type="RUN-STRAT" Name="$PDATADIR/runs/synth_1/synth_1.psg"/>
  <File Type="PA-TCL" Name="spiMemory.tcl"/>
  <File Type="RDS-PROPCONSTRS" Name="spiMemory_drc_synth.rpt"/>
  <File Type="RDS-RDS" Name="spiMemory.vds"/>
  <File Type="RDS-UTIL" Name="spiMemory_utilization_synth.rpt"/>
  <File Type="VDS-TIMINGSUMMARY" Name="spiMemory_timing_summary_synth.rpt"/>
  <File Type="VDS-TIMING-PB" Name="spiMemory_timing_summary_synth.pb"/>
  <FileSet Name="sources" Type="DesignSrcs" RelSrcDir="$PSRCDIR/sources_1">
    <Filter Type="Srcs"/>
    <File Path="$PSRCDIR/sources_1/imports/SPI/StateMachine.v">
      <FileInfo>
        <Attr Name="ImportPath" Val="$PPRDIR/../mp2_fpga_wrapper/mp2_fpga_wrapper/spi_fpga/spi_fpga.srcs/sources_1/ipshared/xilinx.com/mp2_v1_0/55566b6d/sources_1/imports/SPI/StateMachine.v"/>
        <Attr Name="ImportTime" Val="1446239736"/>
        <Attr Name="UsedIn" Val="synthesis"/>
        <Attr Name="UsedIn" Val="implementation"/>
        <Attr Name="UsedIn" Val="simulation"/>
      </FileInfo>
    </File>
    <File Path="$PSRCDIR/sources_1/imports/SPI/shiftregister.v">
      <FileInfo>
        <Attr Name="ImportPath" Val="$PPRDIR/../mp2_fpga_wrapper/mp2_fpga_wrapper/spi_fpga/spi_fpga.srcs/sources_1/ipshared/xilinx.com/mp2_v1_0/55566b6d/sources_1/imports/SPI/shiftregister.v"/>
        <Attr Name="ImportTime" Val="1446239736"/>
        <Attr Name="UsedIn" Val="synthesis"/>
        <Attr Name="UsedIn" Val="implementation"/>
        <Attr Name="UsedIn" Val="simulation"/>
      </FileInfo>
    </File>
    <File Path="$PSRCDIR/sources_1/imports/SPI/inputconditioner.v">
      <FileInfo>
        <Attr Name="ImportPath" Val="$PPRDIR/../mp2_fpga_wrapper/mp2_fpga_wrapper/spi_fpga/spi_fpga.srcs/sources_1/ipshared/xilinx.com/mp2_v1_0/55566b6d/sources_1/imports/SPI/inputconditioner.v"/>
        <Attr Name="ImportTime" Val="1446239735"/>
        <Attr Name="UsedIn" Val="synthesis"/>
        <Attr Name="UsedIn" Val="implementation"/>
        <Attr Name="UsedIn" Val="simulation"/>
      </FileInfo>
    </File>
    <File Path="$PSRCDIR/sources_1/imports/SPI/dff.v">
      <FileInfo>
        <Attr Name="ImportPath" Val="$PPRDIR/../mp2_fpga_wrapper/mp2_fpga_wrapper/spi_fpga/spi_fpga.srcs/sources_1/ipshared/xilinx.com/mp2_v1_0/55566b6d/sources_1/imports/SPI/dff.v"/>
        <Attr Name="ImportTime" Val="1446239735"/>
        <Attr Name="UsedIn" Val="synthesis"/>
        <Attr Name="UsedIn" Val="implementation"/>
        <Attr Name="UsedIn" Val="simulation"/>
      </FileInfo>
    </File>
    <File Path="$PSRCDIR/sources_1/imports/SPI/DataMemory.v">
      <FileInfo>
        <Attr Name="ImportPath" Val="$PPRDIR/../mp2_fpga_wrapper/mp2_fpga_wrapper/spi_fpga/spi_fpga.srcs/sources_1/ipshared/xilinx.com/mp2_v1_0/55566b6d/sources_1/imports/SPI/DataMemory.v"/>
        <Attr Name="ImportTime" Val="1446239735"/>
        <Attr Name="UsedIn" Val="synthesis"/>
        <Attr Name="UsedIn" Val="implementation"/>
        <Attr Name="UsedIn" Val="simulation"/>
      </FileInfo>
    </File>
    <File Path="$PSRCDIR/sources_1/imports/SPI/buffer.v">
      <FileInfo>
        <Attr Name="ImportPath" Val="$PPRDIR/../mp2_fpga_wrapper/mp2_fpga_wrapper/spi_fpga/spi_fpga.srcs/sources_1/ipshared/xilinx.com/mp2_v1_0/55566b6d/sources_1/imports/SPI/buffer.v"/>
        <Attr Name="ImportTime" Val="1446239735"/>
        <Attr Name="UsedIn" Val="synthesis"/>
        <Attr Name="UsedIn" Val="implementation"/>
        <Attr Name="UsedIn" Val="simulation"/>
      </FileInfo>
    </File>
    <File Path="$PSRCDIR/sources_1/imports/SPI/addresslatch.v">
      <FileInfo>
        <Attr Name="ImportPath" Val="$PPRDIR/../mp2_fpga_wrapper/mp2_fpga_wrapper/spi_fpga/spi_fpga.srcs/sources_1/ipshared/xilinx.com/mp2_v1_0/55566b6d/sources_1/imports/SPI/addresslatch.v"/>
        <Attr Name="ImportTime" Val="1446239735"/>
        <Attr Name="UsedIn" Val="synthesis"/>
        <Attr Name="UsedIn" Val="implementation"/>
        <Attr Name="UsedIn" Val="simulation"/>
      </FileInfo>
    </File>
    <File Path="$PSRCDIR/sources_1/imports/SPI/spiMemory.v">
      <FileInfo>
        <Attr Name="ImportPath" Val="$PPRDIR/../mp2_fpga_wrapper/mp2_fpga_wrapper/spi_fpga/spi_fpga.srcs/sources_1/ipshared/xilinx.com/mp2_v1_0/55566b6d/sources_1/imports/SPI/spiMemory.v"/>
        <Attr Name="ImportTime" Val="1446239736"/>
        <Attr Name="UsedIn" Val="synthesis"/>
        <Attr Name="UsedIn" Val="implementation"/>
        <Attr Name="UsedIn" Val="simulation"/>
      </FileInfo>
    </File>
    <File Path="$PPRDIR/../mp2_fpga_wrapper/mp2_fpga_wrapper/spi_fpga/spi_fpga.srcs/sources_1/ipshared/xilinx.com/axi_lite_ipif_v3_0/876b8fe4/hdl/src/vhdl/ipif_pkg.vhd">
      <FileInfo>
        <Attr Name="AutoDisabled" Val="1"/>
        <Attr Name="UsedIn" Val="synthesis"/>
        <Attr Name="UsedIn" Val="simulation"/>
      </FileInfo>
    </File>
    <File Path="$PSRCDIR/sources_1/imports/spi_fpga/spi_fpga.srcs/sources_1/ipshared/xilinx.com/lib_pkg_v1_0/22b9c58c/hdl/src/vhdl/lib_pkg.vhd">
      <FileInfo>
        <Attr Name="AutoDisabled" Val="1"/>
        <Attr Name="ImportPath" Val="$PPRDIR/../mp2_fpga_wrapper/mp2_fpga_wrapper/spi_fpga/spi_fpga.srcs/sources_1/ipshared/xilinx.com/lib_pkg_v1_0/22b9c58c/hdl/src/vhdl/lib_pkg.vhd"/>
        <Attr Name="ImportTime" Val="1446239735"/>
        <Attr Name="UsedIn" Val="synthesis"/>
        <Attr Name="UsedIn" Val="simulation"/>
      </FileInfo>
    </File>
    <File Path="$PSRCDIR/sources_1/imports/spi_fpga/spi_fpga.srcs/sources_1/ipshared/xilinx.com/generic_baseblocks_v2_1/da89d453/hdl/verilog/generic_baseblocks_v2_1_mux.v">
      <FileInfo>
        <Attr Name="AutoDisabled" Val="1"/>
        <Attr Name="ImportPath" Val="$PPRDIR/../mp2_fpga_wrapper/mp2_fpga_wrapper/spi_fpga/spi_fpga.srcs/sources_1/ipshared/xilinx.com/generic_baseblocks_v2_1/da89d453/hdl/verilog/generic_baseblocks_v2_1_mux.v"/>
        <Attr Name="ImportTime" Val="1446239734"/>
        <Attr Name="UsedIn" Val="synthesis"/>
        <Attr Name="UsedIn" Val="implementation"/>
        <Attr Name="UsedIn" Val="simulation"/>
      </FileInfo>
    </File>
    <File Path="$PPRDIR/../mp2_fpga_wrapper/mp2_fpga_wrapper/spi_fpga/spi_fpga.srcs/sources_1/ipshared/xilinx.com/axi_quad_spi_v3_2/00b802bf/hdl/src/vhdl/comp_defs.vhd">
      <FileInfo>
        <Attr Name="AutoDisabled" Val="1"/>
        <Attr Name="UsedIn" Val="synthesis"/>
        <Attr Name="UsedIn" Val="simulation"/>
      </FileInfo>
    </File>
    <Config>
      <Option Name="DesignMode" Val="RTL"/>
      <Option Name="TopModule" Val="spiMemory"/>
      <Option Name="TopAutoSet" Val="TRUE"/>
    </Config>
  </FileSet>
  <FileSet Name="constrs_in" Type="Constrs" RelSrcDir="$PSRCDIR/constrs_1">
    <Filter Type="Constrs"/>
    <Config>
      <Option Name="ConstrsType" Val="XDC"/>
    </Config>
  </FileSet>
  <Strategy Version="1" Minor="2">
    <StratHandle Name="Vivado Synthesis Defaults" Flow="Vivado Synthesis 2015"/>
    <Step Id="synth_design"/>
  </Strategy>
</GenRun>
